IID,Lab_ID,Панель,Запуск,ФИО,Тип,Сост.,ACMG,Varsome,Фенотип,Анамнез,Скачано,Выдал,Комментарий,Категория
17486,1000925803,WES,100041,Пастика	Алексей	Владимирович,missens,het,VOUS,https://varsome.com/variant/hg38/11-2884678-A-G?annotation-mode=germline,М.4 г. ЗВУР. Синдромальная задержка роста. СТГ-дефицит. Крипторхизм.,есть,,Солодовникова ,Плохое покрытие вариантов,Дуо пример
17487,1000925804,WES,100041,Пастика	Михаил	Владимирович,missens,het,VOUS,https://varsome.com/variant/hg38/11-2884678-A-G?annotation-mode=germline,М.4 г. ЗВУР. Синдромальная задержка роста.,есть,,Солодовникова ,Плохое покрытие вариантов,Дуо пример
17677,1000933299,СД-ГИ,100040,Чикилев Алескей Георгиевич,inframe,het,VOUS,https://varsome.com/variant/hg38/chr7-44145234-AGCTGGGCGTCAGCCTGCGCACGCTGGCATGGAACCGCTCCTTGA?annotation-mode=germline,М.47 л. СД.,есть,v,Забудская,,Дуо пример
17681,1000933304,СД-ГИ,100040,Чикилев Григорий Алексеевич,inframe,het,VOUS,https://varsome.com/variant/hg38/chr7-44145234-AGCTGGGCGTCAGCCTGCGCACGCTGGCATGGAACCGCTCCTTGA?annotation-mode=germline,М.12 л. СД с неврологическими осложнениями.,есть,v,Забудская,,Дуо пример
16477,1000850355,ГП,100025,Безуглый Д.А.,frame,het,P,https://varsome.com/variant/hg38/ACAN%3Ac.1449_1452del?annotation-mode=germline,М.2 г.  Низкорослость.,есть,v,Солодовникова ,,Панель практика
16507,1000852228,СД-ГИ,100025,Мнацаканян М.А.,missens,het,P,https://varsome.com/variant/hg38/rs104894009?annotation-mode=germline,М.8 л. Сахарный диабет,есть,v,Солодовникова ,,Панель практика
16522,1000853124,ВГ,100025,Ахметшин Г.Д.,missens/missens,comp?,VOUS/VOUS,"https://varsome.com/variant/hg38/chr15-45110428-C-T?annotation-mode=germline
https://varsome.com/variant/hg38/rs141573582?annotation-mode=germline",М.5 л. Врожденный гипотиреоз с диффузным зобом,есть,v,Солодовникова ,,Панель практика
16558,1000855417,СД-ГИ,100025,Солнцев И.Г.,missens,het,VOUS,https://varsome.com/variant/hg38/GCK%3AVal335Glu?annotation-mode=germline,М.15 л. СД. Низкорослость.,есть,v,Солодовникова ,,Панель практика
16701,1000866308,РЗ,100030,Гогиева Т.З.,frame/splice,het,P,https://varsome.com/variant/hg38/chrX%2022226506%20AG%20A?annotation-mode=germline,Ж.5 л. Гипофосфатемический рахит. ,есть,v,Солодовникова ,,Панель практика
16710,1000867050,РЗ,100025,Кондротас В.О.,frame/splice,het,P,https://varsome.com/variant/hg38/chrX-22221613-G-?annotation-mode=germline,Ж.5 л. Нарушения обмена фосфора.,есть,v,Солодовникова ,,Панель практика
18565,1000994075,НФП,100054,Тимофеев	Матвей	Сергеевич,startloss+splice,hom/hem+het,LP+P,"https://varsome.com/variant/hg38/19-2249335-G-T?annotation-mode=germline
https://varsome.com/variant/hg38/10-87925558-G-A?annotation-mode=germline",М.1 г. Крипторхизм. Рудиментарная матка с гонадами.,есть,,Солодовникова ,,Панель практика
18609,1000997270,НФП,100054,Дмитерко	Артемий	Александрович,intron,hem,VOUS,https://varsome.com/variant/hg38/X-67569025-G-A?annotation-mode=germline,М.13 л. Гипоспадия. Гинекомастия.,есть,,Солодовникова ,,Панель практика
16486,1000850605,НН,100032,Опалев Марк Дмитриевич,stop,hem,P,https://varsome.com/variant/hg38/NR0B1%3Ac.207C%3EA?annotation-mode=germline,"М.1,4 г. Первичная недостаточность коры надпочечников.",есть,v,Забудская,,Панель практика
17070,1000895774,ФХ,100032,Гентов Георгий Александрович,stop,het,P,https://varsome.com/variant/hg38/chr1-17028680-G-A?annotation-mode=germline,М.14 л. Параганглиома.,есть,,Визеров,,Панель практика
17189,1000904586,ФХ,100033,Низамов Алмаз Ильшатович,missens,het,P,https://varsome.com/variant/hg38/10-43113622-G-C?annotation-mode=germline,М.29 л. Феохромоцитома.,есть,,Визеров,,Панель практика
17205,1000905402,НФП,100033,Иманова Хадиджа Ахмедовна,splice,hom/hem,LP,https://varsome.com/variant/hg38/CYB5A%3Ac.288%2B1G%3EA?annotation-mode=germline,Ж.5 л. 46ХУ. Двусторонний паховый крипторхизм. Слепое влагалище. Дисгенезия гонад.,есть,v,Визеров,,Панель практика
17209,1000905872,НФП,100033,Сахелашвили Габриэль Ильич,missens/splice,comp,LP/VOUS,"https://varsome.com/variant/hg38/rs777003373?annotation-mode=germline
https://varsome.com/variant/hg38/AMH%3Ac.664%2B3A%3EG?annotation-mode=germline",М.3 г. 46ХУ. Двусторонний крипторхизм. Рудиментарная матка.,есть,v,Визеров,,Панель практика
17364,1000917548,ФХ,100040,Нарбекова Полина Романовна,missens,het,P,https://varsome.com/variant/hg38/RET%3Ac.2753T%3EC?annotation-mode=germline,Ж.15 л. Медуллярный рак щитовидной железы,есть,v,Визеров,,Панель практика
17390,1000918489,СД-ГИ,100038,Веревкина Мария Романовна,missens,het,VOUS,https://varsome.com/variant/hg38/rs1293307672?annotation-mode=germline,Ж.8 л. СД1. РАС. ЮРА.,есть,v,Забудская,,Панель практика
17393,1000918496,СД-ГИ,100038,Евграфов Платон Константинович,stop,het,P,https://varsome.com/variant/hg38/12-120978889-G-T?annotation-mode=germline,М.11 л. Сахарный диабет неуточненный.,есть,v,Забудская,,Панель практика
17485,1000925801,СД-ГИ,100040,Зыков Иван Евгеньевич,missens,het,P,https://varsome.com/variant/hg38/chr7-44153381-C-T?annotation-mode=germline,М.14 л. СД.,есть,,Визеров,,Панель практика
17507,1000925958,СД-ГИ,100040,Сапожников Иван Вадимович,frame,het,P,https://varsome.com/variant/hg38/chr7%3A44152307-G?annotation-mode=germline ,М.6 л. Дисфункция гипоталамуса. Гипергликемия. Образование левого надпочечников.,есть,v,Забудская,,Панель практика
17657,1000930210,НФП,100040,Григорян Марк Гургенович,missens,het,VOUS,https://varsome.com/variant/hg38/rs756720261?annotation-mode=germline,М.6 м. 46ХУ. Микропенис. Крипторхизм.,есть,v,Визеров,,Панель практика
17688,1000933710,ФХ,100043,Трифонов Николай Николаевич,missens,het,P,https://varsome.com/variant/hg38/chr11-112089002-A-G?annotation-mode=germline,М.48 л. Злокачественное новообразование щитовидной железы.,есть,,Визеров,,Панель практика
17972,1000950166,РЗ,100043,Сунгуртян Мария Дмитриевна,splice/frame,comp?,LP/LP,https://varsome.com/variant/hg38/chr9-137232929-T-C?annotation-mode=germline  и https://varsome.com/variant/hg38/chr9-137234233-GCGCGGCC?annotation-mode=germline ,Ж.4 г. Деформация нижних конечностей. Нарушение обмена фосфора.,есть,v,Забудская,,Панель практика
18039,1000953447,ВГ,100048,Пивкин Иван Михайлович,stop/inframe,comp?,P/P,https://varsome.com/variant/hg38/chr2-1433523-C-T?annotation-mode=germline  и https://varsome.com/variant/hg38/chr2-1484685-CGCCAACCCCACTGTGTCCAA?annotation-mode=germline ,М.4 м. Врожденный гипотиреоз.,есть,v,Забудская,,Панель практика
18094,1000958468,ВГ,100048,Манапов Марсель Бектурович,missens,comp,P/LP,"https://varsome.com/variant/hg38/rs1396470006?
https://varsome.com/variant/hg38/rs189261858?annotation-mode=germline",М.4 г. Врожденный гипотиреоз.,есть,v,Забудская,,Панель практика
18180,1000963782,СД-ГИ,100051,Пчелинцева Ксения Евгеньевна,missens+missens,het,VOUS+P(IF),https://varsome.com/variant/hg38/COSV56267242?    https://varsome.com/variant/hg38/chr11-2778015-G-T? ,Ж.10 л. СД.,есть,v,Забудская,вторичная находка,Панель практика
18430,1000980332,НН,100051,Молчков Захар Андреевич,missens,hem,P,https://varsome.com/variant/hg38/X-153743023-C-T?annotation-mode=germline,М.6 л. Надпочечниковая недостаточность,есть,,Визеров,,Панель практика
18461,1000982941,АГ,100054,Кошевая Анастасия Михайловна,frame/frame,het/het,P/P,"https://varsome.com/variant/hg38/rs1131691191?
https://varsome.com/variant/hg38/rs1390889028?",Нетоксический многоузловой зоб правой доли щитовидной железы с семейным анамнезом.,есть,v,Визеров,,Панель практика
18462,1000982077,РЗ,100054,Осинкин Гордей Александрович,missens/missens,comp?,P/P,"https://varsome.com/variant/hg38/chr20-54171644-C-T?annotation-mode=germline
https://varsome.com/variant/hg38/chr20-54158136-G-A?annotation-mode=germline",Медулярный нефрокальциноз. Гиперэхогенные пирамидки. Частые мочеиспускания. Гиперкальциемия.,есть,v,Визеров,,Панель практика
15185,1000758482,WES,99989,Левичев Мирон Андреевич,synonymous/intron,comp?,VOUS/VOUS,"https://varsome.com/variant/hg38/ATR(NM_001184.4)%3Ac.2007T%3EA?annotation-mode=germline
https://varsome.com/variant/hg38/ATR%20c.5031%2B5G%3EA?annotation-mode=germline",М.3 г. Синдромальная задержка роста.,есть,,Захарова,,Экзом проект
15668,1000794570,WES,100005,Приймак Н.В.,frame,het,P,https://varsome.com/variant/hg38/rs267606600?annotation-mode=germline,Ж.60 л. Нейрофиброматоз.,есть,,Букаева,,Экзом проект
16128,1000819985,WES,100010,Ваньков В.О.,frame,het,LP/P,https://varsome.com/variant/hg38/20-58895671-G-?annotation-mode=germline,М.24. г. Псевдогипопаратиреоз.,есть,,Букаева,,Экзом проект
16639,1000861384,WES,100029,Кочеткова А.В.,stop,het,P,https://varsome.com/variant/hg38/chr14-65077985-G-A?annotation-mode=germline,Ж. 37 л. Феохромоцитома.,есть,,Букаева,,Экзом проект
16685,1000865078,WES,100029,Крылов Клим Николаевич,missens,het,LP,https://varsome.com/variant/hg38/GCK%3Ac.1016A%3ET?annotation-mode=germline,М.10 л. СД.,есть,,Захарова,,Экзом проект
16890,1000880021,WES,100031,Видус	Софья	Павловна,missens,het,P,https://varsome.com/variant/hg38/rs397507529?annotation-mode=germline,Ж.9 л. Задержка роста,есть,,Захарова,,Экзом проект
12496,1000692413,WES,100043,Богиня Вита Владимировна,missens+missens,het+het,P+VOUS,"https://varsome.com/variant/hg38/11-64805076-C-T?annotation-mode=germline
https://varsome.com/variant/hg38/chr10-43105062-C-T?annotation-mode=germline",Ж.52 г. Синдром множественных эндокринных неоплазий. Акромегалия. СТГ-секретирующая макроаденома гипофиза. Аденомы паращитовидных желез.,есть,,Визеров,,Экзом проект
15476,1000780290,WES,99995,Магомедов Магомед Магомедалиевич,missens,het,VOUS,https://varsome.com/variant/hg38/rs149514094?annotation-mode=germline,М.8 л. Низкорослость. Гипермобильность суставов. Укорочение длины левой ноги. Укорочение стопы.,есть,,Визеров,,Экзом проект
15793,1000803282,WES,100009,Хамтуев Тимур Азаматович,stop,het,P,https://varsome.com/variant/hg38/rs1368075571?annotation-mode=germline,М.9 л. ЗПМР. Гипопитуитаризм. Расщелина твердого и мягкого неба. Гипоплазия нижней челюсти. Гидроцефалия. Гиперметропия. Косоглазие. Велокардиофациальный синдром.,есть,,Визеров,,Экзом проект
15934,1000810212,WES,100006,Данилюк Мария Алексеевна,stop,het,P,https://varsome.com/variant/hg38/9-95461971-C-T?annotation-mode=germline,Ж.9 л. ЗМР. Сколиоз. Медуллобластома червя мозжечка. Краниосиностоз. Тригоноцефалия. Гидроцефалия. Косоглазие. Преждевременное телархе. СД. Дислипидемия.,есть,,Визеров,,Экзом проект
16183,1000824388,WES,100010,Губкин Денис Алексеевич,missens/missens,comp?,P/P,"https://varsome.com/variant/hg38/8-38144316-C-T?annotation-mode=germline
https://varsome.com/variant/hg38/8-38146051-G-A?annotation-mode=germline",М.11 л. Первичная недостаточность коры надпочечников. Сахарный диабет 1 типа у матери. Повышенные ренин. Пониженный паратгормон.,есть,,Визеров,,Экзом проект
16200,1000825196,WES,100010,Ташов Роман Абдуназарович,frame,hom,P,https://varsome.com/variant/hg38/5-177994145-ACT-A?annotation-mode=germline,"М.15 л. Гипопитуитаризм: СТГ-дефицит, вторичный гипотиреоз.",есть,,Визеров,,Экзом проект
16459,1000847841,WES,100023,Осмонов Авчи Авдоевич,stop,hom/hem,P,https://varsome.com/variant/hg38/11-17387820-C-T?annotation-mode=germline,Врожденный гиперинсулинизм. Гипогликемия. Крипторхизм. Повышенная щелочная фосфотаза. Гиперфосфатаземия.,есть,,Визеров,,Экзом проект
16617,1000860607,WES,100029,Мелтаури Анна-Мария Теймуразовна,frame,het,P,https://varsome.com/variant/hg38/2-224514714-ATAAT-A?annotation-mode=germline,Ж.12 л. Фокальная корковая дисплазия. ЗПМР. Расщелина верхнего неба. Ожирение. Множественные стигмы дисэмбриогенеза.,есть,,Визеров,,Экзом проект
16627,1000861479,WES,100029,Киц Илья Николаевич,missens,hem,VOUS,https://varsome.com/variant/hg38/X-10469829-G-C?annotation-mode=germline,Задержка роста. Крипторхизм. Гипоспадия. Долихоцефалия. Низкопосаженные оттопыренные уши. Голубые склеры.,есть,,Визеров,,Экзом проект
16803,1000873489,WES,100031,Виноградов Иван Сергеевич,missens+frame,he+het,VOUS+LP(AR),https://varsome.com/variant/hg38/4-1805761-G-A?annotation-mode=germline,М.13 л. Задержка роста. Брахидактилия.,есть,,Визеров,,Экзом проект
17188,1000904703,WES,100041,Федулов Владимир Владимирович,missens,het,VOUS,https://varsome.com/variant/hg38/7-93102622-G-C?annotation-mode=germline,М.14 л. Сделано из ткани удаленной гонады. Гиперфункция яичек. Гипергонадотропный гипогонадизм. Левосторонний крипторхизм. Гипоплазия левого яичка. Гинекомастия. Ожирение. Бронхиальная астма. Миелодиспластический синдром. Моносомия 7 хромосомы. Аллогенная трансплантация стволовых клеток в анамнезе. Роландическая эпилепсия. Хронический тубулоинтерстициальный нефрит.,есть,,Визеров,,Экзом проект
17208,1000905871,WES,100041,Кузьмин Александр Вячеславович,frame,het,LP,https://varsome.com/variant/hg38/rs767139774?annotation-mode=germline,М.6 л. Задержка роста. ЗПРР. Внутриутробный гепатит. Синдром Алджиля? Пиелэктазия. Центральный тетрапарез. Готическое небо. Короткая шея. Брахидактилия. Микропенис. Двусторонний крипторхизм. Гипопитуитаризм. Вторичный гипотиреоз. Вторичный гипокортицизм. Пониженный ИФР-1.,есть,,Визеров,,Экзом проект
17953,1000947694,WES,100042,Шакиров Марсель Игоревич,frame+missens,het+het,P+VOUS,"https://varsome.com/variant/hg38/rs557160758?annotation-mode=germline
https://varsome.com/variant/hg38/5-53078846-T-G?annotation-mode=germline",М.5 м. ВГИ. Геморрагическая болезнь новорожденных.,есть,,Визеров,,Экзом проект
16273,1000831756,WES,100011,Устинкин	Георгий	Сергеевич,missens,hem,P,https://varsome.com/variant/hg38/rs111033613?annotation-mode=germline,М.7 л. Вариант есть у матери,нет,,Захарова,,Дуо пример
16274,1000831772,WES,100011,Устинкина	Кристина	Геннадьевна,missens/missens,het/het,P/P,"https://varsome.com/variant/hg38/rs111033613?annotation-mode=germline
https://varsome.com/variant/hg38/rs267606745?annotation-mode=germline",Ж.30 л.,нет,,Захарова,,Дуо пример
16314,1000834822,ГГ,100025,Спиридонов А.А.,stop,hem,P,https://varsome.com/variant/hg38/rs1555893221?annotation-mode=germline,М.10 л. ,нет,v,Солодовникова ,,Панель практика
17291,1000911572,ВГ,100038,Зайпадинова Фатима Магомедовна,missens/missens,comp?,LP/VOUS,https://varsome.com/variant/hg38/rs780018604? https://varsome.com/variant/hg38/chr14%3A81062153-T-A?annotation-mode=germline https://varsome.com/variant/hg38/rs17855780? ,Ж.13 л. Врожденный гипотиреоз,нет,v,Забудская,,Панель практика
18195,1000965193,ПН,100051,Трофимов Марк Олегович,missens,hom/hem,LP,https://varsome.com/variant/hg38/6-43044883-A-C?annotation-mode=germline,М.3 г. Подозрение на 3М синдром. Примордиальный нанизм. Выписок нет.,нет,,Визеров,,Панель практика
18372,1000978671,ГП,100051,Смирнов Егор Алексеевич,missens,het,VOUS,https://varsome.com/variant/hg38/1-180266483-T-G?annotation-mode=germline,М.17 л. Гипоплазия гипофиза. Гипопитуитаризм: Церебрально-гипофизарный нанизм. Вторичный гипотиреоз. Вторичный гипокортицизм.,нет,,Визеров,,Панель практика
16554,1000854663,WES,100023,Козырев	Савелий	Андреевич,frame,het,P,https://varsome.com/variant/hg38/LEPR%3Ac.3321del?annotation-mode=germline,М.16 л.,нет,,Захарова,,Экзом практика
17651,1000930752,WES,"100053
100041",Хаджиев	Магомед-Салах	Исламович,missens,het,P,https://varsome.com/variant/hg38/rs28933386?annotation-mode=germline,М.16 л. Синдромальная низкорослость.,нет,,Солодовникова ,,Экзом практика
17772,1000940511,WES,100042,Трафлялин Д.В.,stop,het,P,https://varsome.com/variant/hg38/chr15-48427672-C-A?annotation-mode=germline,"М.11 л. Костная дисплазия (""весь перекошенный"").",нет,,Захарова,,Экзом практика
17934,1000945752,WES,100041,Либерт Ангелина Романовна,frame/missens,comp?,P/P,"https://varsome.com/variant/hg38/rs587778536?annotation-mode=germline
https://varsome.com/variant/hg38/rs34612342?annotation-mode=germline",Ж.13 л. Рак щитовидной железы.,нет,,Забудская,,Экзом практика
16646,1000862301,WES,100029,Абугова Софья Петровна,missens,het,VOUS,https://varsome.com/variant/hg38/2-47416398-C-G?annotation-mode=germline,"Ж.14 л. Гормональноактивное образование яичника. У отца перстневидноклеточный рак желудка. У бабушки по отцу рак яичника, лейкоз. У пробабушки по отцу рак желудка. У матери базалеома, миома матки. У бабушки по матери рак молочной железы. У прадедушки по матери рак пищевода.",нет,,Визеров,,Экзом практика
16938,1000884989,НН,100032,Словохотов Дмитрий Алексеевич,missens,hem,P,https://varsome.com/variant/hg38/rs1557055447?annotation-mode=germline,М.17 л. ,фото,,Визеров,,Панель практика
17376,1000917945,СД-ГИ,100038,Пестерев Александр Павлович,missens,het,LP,https://varsome.com/variant/hg38/7-44150963-A-C?annotation-mode=germline,М.16 л.,фото,v,Забудская,,Панель практика
17377,1000917946,СД-ГИ,100038,Тарасов Всеволод Никитич,frame,het,P,https://varsome.com/variant/hg38/7-44147692-TCATA-T?annotation-mode=germline,М.11 л.,фото,v,Забудская,,Панель практика
17379,1000917948,СД-ГИ,100038,Лекомцев Максим Александрович,missens,het,P,https://varsome.com/variant/hg38/chr7-44147732-C-T?annotation-mode=germline,М.16 л.,фото,v,Забудская,,Панель практика
17380,1000917949,СД-ГИ,100038,Войну Марк Сергеевич,frame,het,P,https://varsome.com/variant/hg38/7-44145165-A-AGGCCACCGCCGAGACCAGGGCCGCGCCCC?annotation-mode=germline,М.3 г.,фото,v,Забудская,,Панель практика
15938,1000810347,WES,100006,Муратов	Аслан	Рустамович,missens,het,P,https://varsome.com/variant/hg38/chr3-10149823-G-A?annotation-mode=germline,М.12 л.,фото,,Захарова,,Экзом проект